fromPath,toPath,statusCode,isActive,hitCount
/__trashed,/,301,1,0
/__trashed-2,/,301,1,0
/「綠色電動-x-數位創新」研討會落幕：esg趨勢與永續,/news-green-drive-seminar,301,1,0
/2019-desk-calendar,/,301,1,0
/2020-desk-calendar,/,301,1,0
/2024-desk-calendar,/,301,1,0
/2024-happy-new-year-nti,/,301,1,0
/228營運公告,/,301,1,0
/228營運公告-2,/,301,1,0
/carbon-permit,/,301,1,0
/category/news,/news,301,1,0
/category/電子報,/blog,301,1,0
/color-printing-technology,/,301,1,0
/cradle-to-cradle,/,301,1,0
/die-cutting,/,301,1,0
/die-cutting-2,/,301,1,0
/drprint,/blog,301,1,0
/eewh-nti-printing,/,301,1,0
/en/contactus,/en/contact,301,1,0
/en/home/csr,/en/green-esg,301,1,0
/en/home/csr/employee-development,/en/green-esg,301,1,0
/en/home/csr/environmental-sustainability,/en/green-esg,301,1,0
/en/home/csr/make-contribution-to-the-community,/en/green-esg,301,1,0
/en/home/factory-tour,/en/facility-tour,301,1,0
/en/home/green-printing,/en/green-our-advantage,301,1,0
/en/home/news,/en/news,301,1,0
/en/home/recognition,/en/about-certifications,301,1,0
/en/home/vision,/en/about-difference,301,1,0
/en/production-equipment,/en/facility,301,1,0
/en/production-equipment/post-press-finishing,/en/facility-post-press,301,1,0
/en/production-equipment/pre-press-equipment,/en/facility-pre-press,301,1,0
/en/production-equipment/printing-environmental-friendly,/en/facility-eco-printing,301,1,0
/en/production-equipment/quality-inspection,/en/facility-quality,301,1,0
/en/products,/en/printing-solutions,301,1,0
/en/products/other-printing,/en/other-printing,301,1,0
/en/products/packaging-boxes,/en/colorbox,301,1,0
/en/products/uv-printing,/en/uv-printing,301,1,0
/en/products/包裝紙卡,/en/cardboard,301,1,0
/en/電子報,/en/blog,301,1,0
/environmental-protection,/,301,1,0
/environmentally-friendly-digital-printing,/,301,1,0
/esg,/,301,1,0
/esg-for-culture,/news-taicca-partnership,301,1,0
/exquisite-printing-process,/,301,1,0
/fsc,/,301,1,0
/g7-master-colorspace,/,301,1,0
/gmi_color-printing,/,301,1,0
/gmi_market,/,301,1,0
/green-printing-digital-innovation,/news-green-printing-digital-innovation,301,1,0
/green-supply-chain-gsc,/,301,1,0
/health-printing,/,301,1,0
/home/csr,/green-esg,301,1,0
/home/csr/community,/green-esg,301,1,0
/home/csr/employees,/green-esg,301,1,0
/home/csr/environment,/green-esg,301,1,0
/home/factory,/facility-tour,301,1,0
/home/green-printing,/green-our-advantage,301,1,0
/home/news,/news,301,1,0
/home/recognition,/about-certifications,301,1,0
/home/vision,/about-difference,301,1,0
/how-to-expedite-getting-a-quotation,/,301,1,0
/hp-數位印刷變動圖文，少量也能出眾！,/news-hp-variable-data-printing,301,1,0
/imposition-printing,/,301,1,0
/industrial-wastewater,/,301,1,0
/lithographic-printing,/,301,1,0
/low-carbon-economy,/,301,1,0
/news-firefighter-paper-boardgame,/news-firefighter-boardgame,301,1,0
/nti-national-sustainable-development-award,/news-national-sustainable-development-award,301,1,0
/ntiprinting-commonwealth-magazine,/news-commonwealth-interview,301,1,0
/packaging-and-printing,/,301,1,0
/packaging-and-printing-2,/,301,1,0
/packaging-art,/,301,1,0
/packaging-materials,/,301,1,0
/paper-bag,/news-gentle-wild-paper-bags,301,1,0
/paper-lamination,/,301,1,0
/paper-lamination-2,/,301,1,0
/production,/facility,301,1,0
/production/hp-indigo-digital-printing,/facility-eco-printing,301,1,0
/production/postpress,/facility-post-press,301,1,0
/production/prepress,/facility-pre-press,301,1,0
/production/printing-equipment,/facility-eco-printing,301,1,0
/production/quality-check,/facility-quality,301,1,0
/products,/printing-solutions,301,1,0
/products/cards,/cardboard,301,1,0
/products/colorbox,/colorbox,301,1,0
/products/other-printing,/other-printing,301,1,0
/products/uv-printing,/uv-printing,301,1,0
/project-nti-factory-is-leed-gold,/,301,1,0
/rfid,/,301,1,0
/sustainable-design-animal-exhibition,/news-animals-of-tomorrow,301,1,0
/sustainable-exchange-orca-rescue,/,301,1,0
/tag/2024,/other-printing,301,1,0
/tag/2024happynewyear,/other-printing,301,1,0
/tag/2024龍年桌曆,/other-printing,301,1,0
/tag/carbon-neutral,/news/tag/carbon-footprint,301,1,0
/tag/carbon-permit,/news/tag/carbon-footprint,301,1,0
/tag/carbon-tax,/news/tag/carbon-footprint,301,1,0
/tag/csr,/news/tag/csr,301,1,0
/tag/eewh,/news/tag/green-building,301,1,0
/tag/esg,/news/tag/esg,301,1,0
/tag/esg教育,/news/tag/esg,301,1,0
/tag/g7,/news/tag/awards,301,1,0
/tag/gmi,/news/tag/awards,301,1,0
/tag/green-supply-chain,/news/tag/green-supply-chain,301,1,0
/tag/gsc,/news/tag/green-supply-chain,301,1,0
/tag/happy-new-year,/other-printing,301,1,0
/tag/leed,/news/tag/green-building,301,1,0
/tag/packaging-and-printing,/printing-solutions,301,1,0
/tag/rfid,/news/tag/variable-data-printing,301,1,0
/tag/rfid技術,/news/tag/variable-data-printing,301,1,0
/tag/企業社會責任,/news/tag/csr,301,1,0
/tag/低碳印刷,/news/tag/low-carbon,301,1,0
/tag/低碳營運,/news/tag/low-carbon,301,1,0
/tag/何謂csr？,/news/tag/csr,301,1,0
/tag/保育類動物,/news/tag/conservation,301,1,0
/tag/倉存管理,/news/tag/green-supply-chain,301,1,0
/tag/動物紙模型,/news/tag/paper-craft,301,1,0
/tag/包裝印刷,/printing-solutions,301,1,0
/tag/包裝彩盒,/news/tag/packaging-design,301,1,0
/tag/包裝材質,/news/tag/sustainable-packaging,301,1,0
/tag/包裝結構設計,/news/tag/packaging-design,301,1,0
/tag/包裝設計,/news/tag/packaging-design,301,1,0
/tag/南台彩藝,/differences,301,1,0
/tag/南台彩藝-綠色印刷工廠,/news/tag/green-printing,301,1,0
/tag/印刷工藝,/facility,301,1,0
/tag/印刷機,/facility,301,1,0
/tag/印刷認證,/news/tag/awards,301,1,0
/tag/取之社會用之社會,/news/tag/csr,301,1,0
/tag/台南永續印刷-ai-數位轉型,/news/tag/low-carbon,301,1,0
/tag/台灣鑽石級綠建築,/news/tag/green-building,301,1,0
/tag/合板,/cardboard,301,1,0
/tag/合板印刷,/cardboard,301,1,0
/tag/國際認證,/news/tag/awards,301,1,0
/tag/地球友善,/news/tag/green-printing,301,1,0
/tag/報價單,/get-a-quote,301,1,0
/tag/夥伴,/news/tag/partnership,301,1,0
/tag/天下雜誌,/news/tag/media-coverage,301,1,0
/tag/客製化印刷,/news/tag/digital-printing,301,1,0
/tag/小虎鯨救援隊,/news/tag/conservation,301,1,0
/tag/少量印刷,/news/tag/digital-printing,301,1,0
/tag/平版印刷,/facility,301,1,0
/tag/年曆,/other-printing,301,1,0
/tag/彩盒印刷,/news/tag/packaging-design,301,1,0
/tag/抽卡式桌曆,/other-printing,301,1,0
/tag/拼版印刷,/news/tag/digital-printing,301,1,0
/tag/搖籃到搖籃,/news/tag/sustainable-packaging,301,1,0
/tag/數位印刷,/news/tag/digital-printing,301,1,0
/tag/文策院,/news/tag/partnership,301,1,0
/tag/新年快樂,/other-printing,301,1,0
/tag/明日動物,/news/tag/conservation,301,1,0
/tag/桌曆,/other-printing,301,1,0
/tag/桌曆印刷,/other-printing,301,1,0
/tag/桌曆設計,/other-printing,301,1,0
/tag/永續交流會,/news/tag/partnership,301,1,0
/tag/永續包裝,/news/tag/sustainable-packaging,301,1,0
/tag/永續印刷,/news/tag/green-printing,301,1,0
/tag/永續獎,/news/tag/awards,301,1,0
/tag/永續環境,/news/tag/conservation,301,1,0
/tag/永續製造,/news/tag/green-printing,301,1,0
/tag/海洋保育,/news/tag/conservation,301,1,0
/tag/淨零轉型,/news/tag/low-carbon,301,1,0
/tag/減碳,/news/tag/low-carbon,301,1,0
/tag/減輕工業汙水,/green-materials,301,1,0
/tag/獨立版,/news/tag/digital-printing,301,1,0
/tag/環保印刷,/news/tag/green-printing,301,1,0
/tag/石虎,/news/tag/conservation,301,1,0
/tag/碳中和,/news/tag/carbon-footprint,301,1,0
/tag/碳交易,/news/tag/carbon-footprint,301,1,0
/tag/碳權,/news/tag/carbon-footprint,301,1,0
/tag/碳權交易,/news/tag/carbon-footprint,301,1,0
/tag/碳足跡,/news/tag/carbon-footprint,301,1,0
/tag/社會與企業間的共生共存,/news/tag/csr,301,1,0
/tag/競爭力,/news/tag/awards,301,1,0
/tag/節省時間,/news/tag/digital-printing,301,1,0
/tag/紙張包材,/news/tag/sustainable-packaging,301,1,0
/tag/紙模型桌遊,/news/tag/paper-craft,301,1,0
/tag/紙盒印刷,/news/tag/packaging-design,301,1,0
/tag/紙袋印刷,/news/tag/paper-craft,301,1,0
/tag/綠建築,/news/tag/green-building,301,1,0
/tag/綠色供應鏈,/news/tag/green-supply-chain,301,1,0
/tag/綠色包裝,/news/tag/sustainable-packaging,301,1,0
/tag/綠色印刷,/news/tag/green-printing,301,1,0
/tag/綠色印刷工廠,/news/tag/green-printing,301,1,0
/tag/美國,/,301,1,0
/tag/美國綠建築黃金級認證,/news/tag/green-building,301,1,0
/tag/設計桌曆,/other-printing,301,1,0
/tag/遠見esg企業永續獎,/news/tag/awards,301,1,0
/tag/金箔銀箔紙張包裝,/news/tag/packaging-design,301,1,0
/tag/防災教育,/news/tag/disaster-education,301,1,0
/tag/高品質印刷,/facility,301,1,0
/tag/黑熊,/news/tag/conservation,301,1,0
/the-perfect-partner-for-packaging-printing,/,301,1,0
/tigax-17th,/,301,1,0
/we-utilize-an-integrated-low-carbon-production-model,/news-low-carbon-production-film,301,1,0
/what-is-csr,/,301,1,0
/中秋節營運公告,/,301,1,0
/中秋節營運公告-2,/,301,1,0
/中秋節營運公告-3,/,301,1,0
/中秋節營運公告-4,/,301,1,0
/元旦營運公告,/,301,1,0
/光復節營運公告-2,/,301,1,0
/勞動節營業公告,/,301,1,0
/勞動節營運公告,/,301,1,0
/勞動節營運公告-2,/,301,1,0
/勞動節營運公告-3,/,301,1,0
/勞動節營運公告-4,/,301,1,0
/勞動節營運公告-5,/,301,1,0
/南台彩藝榮獲2026《遠見》esg企業永續獎，以低碳營運,/news-global-views-esg-award,301,1,0
/國慶日營運公告,/,301,1,0
/慈善義賣樂捐活動,/,301,1,0
/春節休假公告,/,301,1,0
/春節營業公告,/,301,1,0
/春節營運公告,/,301,1,0
/春節營運公告-2,/,301,1,0
/春節營運公告-3,/,301,1,0
/榮獲-中小企業加速投資行動方案-標竿企業,/news-sme-investment-benchmark,301,1,0
/清明營運公告,/,301,1,0
/清明節營運公告,/,301,1,0
/營業公告,/,301,1,0
/端午節營業公告,/,301,1,0
/端午節營業公告-2,/,301,1,0
/端午節營運公告,/,301,1,0
/端午節營運公告-2,/,301,1,0
/終結海灘汙染物-淨灘一起來,/,301,1,0
/賀通過g7最高等級colorspace認證,/,301,1,0
/雙十節營運公告-5,/,301,1,0
